employeeID,employeeNAME,employeeADDRESS,joiningYEAR,DoB,userID,adhaarID,salary
74639099,"Ase Bernardi","22 Service Park",2002,1978-02-05,54,8249446321,$140063.87
202462250,"Micaela Townshend","2612 Magdeline Park",2010,1990-11-22,53,9112639346,$46120.39
225242680,"Tamara Lippiello","0 Bonner Junction",2002,1980-08-23,145,2072581915,$136847.21
269425179,"Ariela Starrs","667 Buena Vista Park",1997,1962-09-24,170,7722412084,$143987.27
320343308,"Hall Bexon","86855 Garrison Avenue",2006,1977-08-08,120,7065934446,$51250.14
335839495,"Glynis Millyard","6092 Steensland Crossing",2002,1998-11-14,37,1039564550,$51133.73
336589190,"Alameda Brehault","06186 Lakewood Gardens Place",1992,1962-06-17,15,7842367361,$90618.86
398770263,"Franky Burder","2 Arizona Junction",1996,1959-03-03,70,3622387505,$64071.92
425450244,"Margarete Bemlott","1 Golf Course Parkway",1987,1952-06-22,25,7483828587,$126866.94
505380137,"Rhianna Silvester","7 Heffernan Park",2000,1970-12-13,63,2518210083,$144401.42
522353355,"Brandea Joblin","31019 Dawn Drive",2005,1970-12-06,117,6407505399,$106931.28
629315248,"Meara Triggs","31 Michigan Drive",1996,1969-08-02,184,5260921623,$75296.34
666637067,"Nelly Hemphall","59 Bluejay Avenue",1996,1963-04-30,105,8931587376,$107805.70
674319788,"Muffin Edgars","33 Heath Point",1994,1957-04-18,10,7334942639,$49144.56
695758349,"Babbie Jalland","893 Butternut Drive",2001,1973-08-27,69,3275183281,$99915.01
831525738,"Blair Filmer","63393 Buhler Hill",2009,1978-02-02,179,6165769314,$91102.15
839358199,"Baxie Spilsted","07 Grim Park",1995,1955-10-26,87,9188903559,$143650.60
857944452,"Olvan O'Codihie","63691 Rigney Center",1992,1970-07-21,152,9118116132,$89391.47
866983899,"Nana Delacourt","3 Park Meadow Court",2006,1976-02-03,108,3509558367,$71797.94
889284075,"Lukas Felkin","47 Oak Parkway",2008,1983-02-14,131,1245511912,$87569.79
933101058,"Brooke Corwood","9 Ohio Way",2007,1979-05-12,147,3112428617,$52251.31
938341421,"Kyrstin Brotherheed","99 Blaine Center",2002,1979-04-20,40,2013228570,$139517.26
940811375,"Katerine Fussen","8 Rigney Avenue",2011,1987-05-22,161,5988761054,$97296.67
966159942,"Fredra Pellington","463 Hoepker Way",1998,1961-03-01,81,7966211622,$95401.65
1002706017,"Melisse Betho","84 East Alley",1988,1961-04-20,141,3215170981,$107055.07
1060721864,"Odelinda Maddison","21568 Memorial Plaza",1996,1956-04-17,55,8073969653,$88851.60
1097977641,"Reinald Rolin","1 Lerdahl Plaza",2000,1975-08-20,11,1070877808,$46572.39
1128277271,"Corina Arling","92 Green Ridge Point",2005,1966-04-18,154,1211827119,$141878.73
1196216797,"Wendell Bircher","7217 Schurz Junction",2012,1986-02-18,116,1154020827,$50157.63
1200642406,"Livia Sandy","6 Sunnyside Crossing",1992,1954-11-23,68,8243199772,$128191.54
1323528571,"Emogene Hardwich","9 Bashford Trail",2009,1970-02-02,89,8869713393,$104962.82
1394995407,"Asher Blanning","39 Meadow Ridge Way",1997,1964-04-22,57,1006880143,$98897.82
1404676988,"Gavrielle Lamplugh","3 Lien Way",2011,1973-04-10,59,1816409448,$138316.23
1472845226,"Felicdad Batsford","93 Manitowish Way",2006,1968-08-29,34,3897770040,$72306.12
1643022830,"Vaclav O' Concannon","7 Hagan Avenue",2007,1977-03-13,41,8545761066,$76122.65
1692370103,"Ferne Townend","66 Banding Point",2006,1986-08-22,140,2064064834,$56117.78
1713117479,"Silvia Absolom","12 Fairfield Hill",1990,1967-06-20,19,7359370450,$62272.89
1734572124,"Hermy Sherwen","3 Carey Avenue",1995,1965-05-17,88,5918976256,$65893.80
1754107540,"Horacio Eite","25496 Kipling Parkway",2011,1978-07-30,7,1237479312,$95113.15
1768713995,"Spence Normanton","415 Nova Hill",2012,1981-06-24,186,5064611285,$124930.45
1800976674,"Leonie Board","75199 Emmet Junction",2001,1980-11-30,159,8625647405,$78611.75
1957930721,"Clerc Perl","635 Doe Crossing Way",1995,1966-11-18,194,3882274298,$145027.13
2051968691,"Silva D'Ambrogi","74743 Weeping Birch Crossing",2007,1986-08-22,94,3734676940,$80687.46
2125246937,"Mame Islep","3 Cardinal Trail",2004,1974-05-24,5,5609930480,$45205.97
2138569063,"Cori Waker","4636 Delladonna Court",2011,1974-09-05,191,1398893838,$120542.81
2150191164,"Danya Normavell","776 Parkside Terrace",2003,1981-10-17,20,3763524258,$69741.36
2153202949,"Judye Ebourne","65704 Linden Crossing",2012,1976-02-03,93,8148727619,$136972.98
2274998396,"Dewain Bushel","2986 Pleasure Crossing",1994,2011-12-30,196,6422457952,$87480.62
2282970403,"Nissie Kits","207 Eastwood Place",2003,1962-06-21,85,8693659081,$41474.08
2292405687,"Bailey Krates","66 Forest Road",2003,1978-08-08,42,5122406766,$40201.29
2337662756,"Roseanne MacIver","999 Anniversary Terrace",1985,1954-06-24,72,6717159863,$46183.37
2361818574,"Fransisco Dow","6709 Sachs Avenue",1994,1970-11-09,164,5107818757,$64093.17
2379618909,"Charley Nasi","7 Buhler Hill",1961,1937-07-14,90,7529174479,$93717.57
2503773125,"Sibbie Pedroli","27601 Paget Pass",2007,1986-07-24,36,6772062957,$72289.09
2531411488,"Todd Kikke","996 Tomscot Crossing",2003,1979-09-29,21,574358366,$115701.08
2675043214,"Gibby Paffley","7073 Mandrake Center",1997,1975-09-28,3,3457817847,$93618.31
2702688713,"Ansell Radbone","64 Tennyson Hill",2002,1981-12-16,47,1620098342,$131473.38
2705510850,"Doretta McDonnell","33 Bluestem Drive",2007,1983-07-02,130,5702888693,$97622.85
2780382252,"Toby Magner","98 Truax Hill",1996,1963-02-22,27,72252286,$114412.80
2833214073,"Ambros Whistlecroft","77011 Lukken Hill",2002,1987-03-04,52,336808550,$123238.03
2850563129,"Auria Hackforth","259 Shasta Trail",2000,1969-08-02,109,5302539810,$137331.96
2854969154,"Jacinda Sterland","14 Rockefeller Parkway",2011,1964-08-12,137,8449587956,$82539.51
2863314351,"Reagen Kilfeder","2 Harper Parkway",1992,1964-02-12,113,1819338592,$101622.98
2865206823,"Alaine Keson","89524 Oriole Terrace",1990,1967-12-15,97,7503583304,$85611.36
2891352998,"Maddie Cisland","19290 Fairfield Junction",1995,1975-07-02,135,2864666693,$73824.26
2892469112,"Edwina Paulsson","9053 Hovde Crossing",2011,1960-04-28,60,8877033290,$60452.49
2898138029,"Waldemar Simister","92106 Melvin Junction",2007,1982-01-18,173,7447482587,$116769.78
2898284645,"Milka Wannan","5 Hintze Point",2004,1968-11-26,95,9457120272,$42288.90
2907125532,"Sanson Beadman","751 Cody Crossing",2003,1974-02-19,171,5729581246,$64233.40
2914524188,"Hendrik Litchmore","0 Roth Hill",1985,1964-08-19,122,2767882565,$114652.24
2971387313,"Dunstan Shill","473 Knutson Hill",1992,1979-06-26,12,6685196092,$98146.06
2983985814,"Ricca Whoolehan","44935 Pepper Wood Plaza",1993,1970-11-16,73,6659188622,$95594.19
2991079886,"Marylin Onele","56644 Marquette Terrace",1999,1966-02-20,146,1226365000,$93560.32
3099609900,"Isac Allward","5380 Dakota Parkway",2002,1987-02-19,65,3421441022,$40043.04
3112869540,"Lanie Dragge","8 Little Fleur Junction",2008,1971-04-18,18,2470806372,$143905.97
3128435715,"Wallie Mioni","92007 Nobel Crossing",2011,1972-06-17,182,8889307242,$115059.44
3150551528,"Neile Carnaman","46 Nancy Pass",2011,1987-08-20,142,7575377425,$123428.92
3414026317,"Rhianon Kubiczek","99701 Leroy Center",2010,1980-12-03,75,3681706255,$102486.04
3418767400,"Maurice Nelissen","60 Canary Hill",2001,1968-06-29,35,8362009306,$73247.07
3419877579,"Korrie Lawrance","2521 Oak Valley Place",2008,1975-06-10,32,1677191031,$135908.11
3487576112,"Elsinore Lounds","9 Derek Crossing",1987,1958-08-08,6,4312664145,$112651.21
3683540923,"Nessy Pohling","730 Village Park",1989,1961-04-20,39,3816644287,$104044.91
3846848476,"Judah Vaney","94819 Bartillon Park",2008,1977-11-29,22,2766157093,$113318.52
3862145611,"Gwennie Ahmad","1 Pepper Wood Pass",1993,1975-05-31,169,3677542928,$90069.79
3903141402,"Ainslie Statefield","44189 Melody Center",2009,1969-11-22,187,90298810,$126835.69
3935330510,"Wood Bute","97377 Nancy Way",2005,1981-03-28,153,1247560937,$89503.14
4083662425,"Georgy Hubeaux","45822 Eastlawn Hill",1983,1960-02-03,181,8763629194,$103515.89
4202195531,"Valaria Grandisson","604 Bellgrove Avenue",2002,1989-05-09,98,1169096654,$120739.20
4225362787,"Merrile Triggol","565 Sunnyside Drive",2005,1969-05-02,193,3564878459,$129448.44
4235113844,"Danila Philipsen","1 Kinsman Junction",1986,1963-03-18,107,3896854062,$135182.24
4377119257,"Kacey Kybbye","779 Havey Pass",2007,1992-05-12,28,1990993907,$77394.08
4444824565,"Karim Vellacott","4509 Chive Avenue",1990,1964-01-28,155,810091364,$91014.65
4529058077,"Tonya Tessington","254 Gale Terrace",1967,1947-04-07,43,7523311431,$64026.68
4532425913,"Janot Haskell","65 Fisk Way",1995,1972-03-10,150,1052322921,$143998.02
4547152764,"Hildagard Saterweyte","4702 Monterey Court",1994,1978-03-20,198,8906008430,$94783.57
4555711971,"Koressa Bowart","03964 Almo Street",1997,1965-07-03,121,6433364799,$107260.52
4573436170,"Eadie Leith-Harvey","1775 Hauk Court",2011,1978-03-11,71,7089883655,$144115.42
4579100131,"Caryl Meardon","917 Manitowish Parkway",1990,1969-11-14,123,6570999575,$140881.45
4605716920,"Arabela Tother","3 Rusk Place",1992,1969-03-20,143,9200071996,$69846.63
4629724702,"Blinny Meese","0 Nelson Lane",2000,1971-09-07,49,9944255327,$92807.16
4648780639,"Isador Earie","62 Eliot Place",1995,1960-09-17,160,7512186630,$62891.53
4728381749,"Garland Wimes","33376 Thackeray Pass",2012,1983-02-07,144,1651674221,$127432.20
4733708629,"Valentijn Snap","3344 Welch Court",1998,1973-01-24,183,2288380373,$94269.99
4736172037,"Franky Dulanty","8 Kedzie Plaza",1984,1969-03-17,58,7841897669,$56491.81
4783721890,"Dulcie Naile","09988 Division Plaza",2005,1989-01-04,125,4641863253,$58383.08
4822811484,"Ethelbert Rodder","25069 Hermina Park",2006,1979-05-25,166,7685556928,$143700.43
4842832916,"Bettina Dundin","565 Haas Circle",1992,1969-05-13,158,9910503107,$138296.16
4858519422,"Tybalt Fishbourne","1 Harbort Way",2012,1983-11-01,106,2902274289,$85522.72
4954562899,"Aluino Strowlger","0 Alpine Plaza",2012,1971-10-21,102,8937182726,$145663.43
4978394023,"Husain Keeves","03 Bartillon Hill",1993,1968-06-06,133,3080243226,$81749.38
4980026796,"Quincey Buse","7031 Blaine Hill",2003,1976-06-01,156,3679908261,$78282.72
5062381975,"Daryn Meus","8710 North Place",2010,1981-10-15,157,1810921104,$48892.36
5146090262,"Ryann Nannini","46739 Graceland Center",2006,1979-12-07,126,3535634113,$94664.21
5179623936,"Lezlie Starsmore","5 Dakota Plaza",1967,1946-05-27,185,6927111913,$42597.59
5265884637,"Shina Ormes","6 Park Meadow Plaza",2005,1986-12-14,197,8100320209,$62640.69
5378529905,"Willi Nisen","60 Spenser Avenue",1997,1977-09-22,91,3082906788,$130950.00
5406195905,"Amabelle Garioch","81 Sunbrook Terrace",2002,1987-01-18,172,3447277718,$97205.25
5431823191,"Joella Mailey","78 Morrow Parkway",2007,1964-05-04,86,7258324224,$42974.64
5457555127,"Julio Kinrade","612 Portage Drive",2004,1971-06-04,99,5986298632,$102969.36
5480932713,"Serene Teesdale","775 Petterle Crossing",1990,1969-09-03,38,9784577097,$119538.39
5536500627,"Lynna Hannum","6 Talmadge Point",1994,1966-03-31,50,8064816688,$65175.89
5563440621,"Sisely Burke","68806 Nelson Road",2007,1970-10-23,76,5504750709,$54881.48
5638656790,"Roderich Gilbertson","44901 Spenser Avenue",1994,1967-04-21,46,8437754682,$90664.86
5714533526,"Kimmi Moyne","24748 Schurz Park",2005,1967-12-09,51,7732213890,$126230.15
5812736103,"Andie Collard","62 Evergreen Terrace",2001,1975-03-12,165,1153202417,$42391.10
5878795612,"Nikos Ortmann","6800 Bonner Drive",2004,1966-07-07,74,7447876127,$76035.31
5995424629,"Hillier Van der Hoven","9115 Mayfield Center",1985,1973-08-09,124,8531472911,$47186.93
6031432552,"Oliver Hutchason","9 Warrior Park",1995,1979-11-01,139,7377718846,$97945.86
6121246472,"Gail Barsham","7 Iowa Drive",2004,1965-12-31,189,8828297166,$59713.47
6141411371,"Fina Dumphy","4 Saint Paul Hill",2005,1975-01-16,13,178810452,$75850.29
6243742954,"Morry Alvy","9171 Oxford Junction",2009,1989-01-07,149,2592671854,$119511.16
6298626328,"Blake Bremner","75 Delaware Center",1997,1965-06-06,62,4884304888,$62439.81
6362381955,"Berti Thoresby","0187 Rieder Pass",1983,1962-11-24,14,139584471,$92468.99
6463050512,"Annalise Grannell","59506 Kedzie Point",2009,1978-04-28,128,8751810050,$79508.32
6592719885,"Clemmy Rizzini","138 Mifflin Trail",1995,1970-05-01,4,399622047,$121888.77
6614583794,"Brandyn Izaks","99 Northport Court",1994,1975-11-21,175,1289704368,$143956.66
6624223235,"Koren Bushrod","1069 Melrose Park",2002,1978-10-30,177,1644583941,$132341.92
6631402417,"Gary Wyd","1625 Commercial Park",2011,1973-01-17,44,4595559070,$105549.73
6632980333,"Conrad Bewlay","7471 Bartillon Center",2000,1971-05-27,103,9122820035,$111380.08
6651376934,"Sayre Lipscomb","19989 Lukken Street",1998,1964-06-14,8,6695363838,$90322.43
6682900120,"Irvine Order","8 Cottonwood Plaza",2009,1961-12-29,148,3359017358,$125564.46
6817800056,"Waly Bohea","9938 Aberg Place",2010,1972-06-09,2,9423085679,$89603.95
6843915981,"Margy Barus","33 Onsgard Drive",1996,1964-02-09,151,7876383351,$71351.54
6883748989,"Corena Northedge","26733 Reinke Point",1990,1964-12-06,129,8150326340,$125907.17
6952771492,"Ruth Widdows","3 Monica Plaza",1998,1970-04-15,64,7770670195,$100112.76
6957599809,"Ami Casino","5 Blaine Road",2001,1961-08-11,132,2773330234,$73842.17
7151200781,"Laurie Liveley","17 Hoard Junction",2013,1971-06-20,111,2001405413,$118750.52
7154233133,"Anna Hobson","09 Merry Pass",1993,1970-06-29,110,370903285,$140125.40
7173860881,"Janis Maypes","08 Oak Circle",2004,1969-10-24,115,5638853901,$47955.84
7259415444,"Jeffy Abrashkin","82 Straubel Hill",2004,1973-02-06,67,4787579029,$110883.60
7261293865,"Rorke Javes","4 Katie Circle",1995,1958-10-04,100,9973711653,$55837.69
7264448495,"Casandra Oguz","0807 Pearson Lane",2003,1979-01-31,101,3029375749,$96535.49
7312368530,"Dylan Gooday","0602 Hagan Terrace",2009,1985-06-18,119,8806152793,$125790.35
7346753518,"Mohandas Eakin","4 Myrtle Road",2003,1969-10-31,168,7498127016,$115416.98
7405113796,"Sherline Hebson","3383 Transport Pass",2002,1976-09-15,23,3739463651,$78187.00
7423348562,"Ogdan Beranek","2453 Carioca Lane",1986,1951-08-05,26,6701841767,$131125.61
7461142380,"Baxter Pantone","31050 Prairie Rose Junction",1996,1971-10-11,30,3458366180,$148251.54
7657330899,"Abba Buxsy","0 Mcguire Parkway",2013,1981-01-14,104,551199482,$71706.05
7716487132,"Boot Gloves","96 Dorton Pass",2012,1967-02-11,167,3632884978,$95478.58
7754819511,"Sheree Dadge","380 Blue Bill Park Avenue",1999,1975-02-14,190,2798554403,$71031.25
7766873060,"Lorry Probbings","6 Blue Bill Park Court",1992,1973-04-29,66,3961268665,$72052.95
7787090499,"Julita de Tocqueville","4 Debra Plaza",1998,1967-03-25,199,6762255116,$52013.35
7821857033,"Avril Baff","4259 Tomscot Trail",2012,1970-05-30,33,4505855457,$139320.11
7952151177,"Stoddard Arcase","0878 Hoffman Park",2012,1989-06-28,31,1116783827,$126472.73
7967093429,"Lilla Greeve","66662 Mesta Way",1994,1963-06-27,77,1593726384,$89843.92
8096495216,"Edithe Leborgne","96523 Sloan Street",2011,1987-06-17,80,7393516160,$80919.00
8182695139,"Sebastian Langworthy","211 Scoville Way",1994,1967-01-28,56,6189309577,$101937.04
8257211958,"Sybilla Ivanenkov","67 Riverside Crossing",1993,1968-10-26,84,4317889382,$110271.20
8319188830,"Gaultiero Revitt","2045 Tony Junction",2006,1980-10-20,176,8504780236,$101777.51
8323668566,"Mira Toulson","70076 Bultman Terrace",1992,1967-09-10,195,8209065238,$96333.33
8328456052,"Ragnar Trounce","48 Luster Circle",1999,1975-03-05,9,9043791768,$54701.19
8447063186,"Randi Bardnam","7585 Evergreen Point",1995,1963-10-19,16,4204904769,$42701.14
8476862555,"Hamnet Duham","23 Arapahoe Park",2009,1989-09-10,162,4709720045,$71593.11
8495264838,"Ailee Hebblewaite","80820 Colorado Trail",2003,1974-05-03,114,7825681568,$81598.74
8600950465,"Carling Salerno","444 Express Crossing",2006,1979-10-10,17,9691763397,$77199.81
8698831664,"Ardine Kynson","2788 Ridgeview Pass",1992,1964-05-19,96,5264492301,$89548.79
8756638671,"Britteny Ambrogiotti","7 Eagle Crest Point",2005,1977-04-03,82,8369169961,$74180.60
8765823974,"Abel Garrity","66589 Golf Course Plaza",2001,1978-08-07,138,7802310644,$104533.48
8832141310,"Remy Caillou","7432 Tennessee Terrace",2003,1962-03-29,180,4622033895,$126961.10
8834478991,"Gratiana Mackrell","670 Kingsford Hill",2002,1971-04-10,29,5862989412,$147978.16
8847722047,"Justis Grabert","2653 Caliangt Parkway",2011,1980-11-16,188,124561594,$101429.93
8860323258,"Lev Skedgell","6 Laurel Trail",1997,1968-02-06,174,664596991,$54563.57
8886193653,"Gunar Arkil","7 Schiller Crossing",2000,1969-03-31,112,769744257,$139853.98
8890329688,"Fern Hagwood","521 Pierstorff Hill",2000,1972-09-02,48,9065169814,$131054.75
8933067922,"Olly Muzzullo","21 Saint Paul Crossing",2009,1970-07-15,178,3188195575,$110826.02
8951712095,"Sukey Castillou","381 Packers Circle",1986,1958-08-04,1,8420677922,$137041.11
9160195681,"Micheil Durtnel","922 Tennessee Parkway",2013,1961-09-02,45,6969290697,$69775.70
9184024097,"Mandie MacFadzan","65 Kings Trail",2007,1978-07-16,24,3704117218,$53208.83
9266970743,"Tomas Lonnon","79192 Dapin Point",1993,1966-02-08,134,3874193071,$137592.75
9432269566,"Gaby Braiden","2819 Northport Center",1993,1968-09-29,79,4611624099,$119396.14
9448728727,"Cos Permain","4686 Hollow Ridge Pass",1992,1971-12-14,92,6579436166,$94852.40
9490117021,"Danice Beck","30647 Gale Junction",2012,1973-06-08,127,3644528071,$117786.76
9588509912,"Charlean Dutnall","52191 Laurel Court",1986,1952-10-18,200,2496767218,$76208.51
9655934950,"Wenona Stote","62 Oxford Place",1993,1960-12-12,78,701995688,$77891.35
9764732879,"Eldredge Gluyas","022 Florence Trail",1992,1967-08-10,163,2409142060,$122465.57
9795154397,"Heall Olyonov","5399 Debra Parkway",1984,1956-03-31,118,8477935319,$112317.22
9863838721,"Jolynn Joseland","69508 Mosinee Parkway",1994,1965-09-08,83,3920334736,$81944.04
9880226119,"Angele Goom","0073 Declaration Point",2008,1969-06-21,192,6584207293,$142272.16
9888217224,"Jefferey Feye","22891 Sunnyside Junction",2004,1972-10-21,136,2102664619,$75347.16
